kênh,view,tiêu đề,ký tự,từ,là câu hỏi,mở bằng từ hỏi,có 'you',có 'ancient',từ cực đại,từ nguy hiểm,có số,CHỮ HOA CẢ TỪ,dấu ...,dấu !
Axen,1076721,How Did Ancient Humans Survive the World's Deadliest Predators?,63,9,1,1,0,1,1,3,0,0,0,0
Axen,26378,Weird Feelings You Get That Your Brain Can't Explain...,55,9,0,0,1,0,0,0,0,0,1,0
Axen,3118225,What Did Ancient Humans Do all Day Before Jobs Existed?,55,10,1,1,0,1,0,0,0,0,0,0
Axen,258173,How Did Ancient Humans Have Privacy?,36,6,1,1,0,1,0,0,0,0,0,0
Axen,9706,Napoleon Did Some Truly Bizarre Things...,41,6,0,0,0,0,1,0,0,0,1,0
Axen,672788,How Did Ancient Humans Survive Deadly Winters?,46,7,1,1,0,1,0,2,0,0,0,0
Axen,23840,What Was the World Like in Ancient Human Times?,47,9,1,1,0,1,0,0,0,0,0,0
Axen,11832,Our WORLD is F*cked Up...,25,5,0,0,0,0,0,0,0,1,1,0
Axen,88002,Why Does the OCEAN Get Creepier the Deeper You Go?,50,10,1,1,1,0,0,0,0,1,0,0
Axen,24542,What Did Ancient Human Education Look Like?,43,7,1,1,0,1,0,0,0,0,0,0
Axen,21710,Do Animals Live More Freely Than Humans?,40,7,1,1,0,0,0,0,0,0,0,0
Axen,4252,"How Gross Was the Past, Really?",31,6,1,1,0,0,0,1,0,0,0,0
BeforeCivilization,3011,What Did Ancient Humans Do After Dusk?,38,7,1,1,0,1,0,0,0,0,0,0
BeforeCivilization,1705,What Ancient Humans Found Attractive Might Surprise You,55,8,0,1,1,1,0,0,0,0,0,0
BeforeCivilization,1458,Why Ancient Humans Never Got Lost (And You Still Have This Skill),65,12,0,1,1,1,1,0,0,0,0,0
BeforeCivilization,2025,Ancient Humans Had To Do This To Keep Babies Alive,50,10,0,0,0,1,0,0,0,0,0,0
BeforeCivilization,4992,How Did Ancient Humans get High & What They Did will Surprise You,65,13,0,1,1,1,0,0,0,0,0,0
BeforeCivilization,3987,Ancient Humans Had No Jobs... So What Did They Do All Day?,58,12,1,0,0,1,0,0,0,0,1,0
BeforeCivilization,13792,What Did Ancient Humans Eat That Kept Them From Getting Fat?,60,11,1,1,0,1,0,0,0,0,0,0
BeforeCivilization,49308,Why Did Ancient Humans Live 280 Feet Underground? ( SHOCKING!!),63,10,0,1,0,1,0,0,1,1,0,2
BeforeCivilization,2594,Ancient Humans Slept Beside THIS Every Night,44,7,0,0,0,1,1,0,0,1,0,0
BeforeCivilization,2055,What Did Ancient Humans Do When Everyone Was Watching?,54,9,1,1,0,1,0,0,0,0,0,0
BeforeCivilization,4366,What Did Ancient Humans Do When Food Vanished?,46,8,1,1,0,1,0,0,0,0,0,0
BeforeCivilization,2287,What Made Ancient Humans So Deadly?,35,6,1,1,0,1,0,1,0,0,0,0
BeforeCivilization,113666,Ancient Humans Were Drunk Every Single Day,42,7,0,0,0,1,1,0,0,0,0,0
BeforeCivilization,490973,The Darkest Things Ancient Humans Did To Survive The Cold,57,10,0,0,0,1,1,1,0,0,0,0
BeforeCivilization,7633,This One Mistakes Costed Other Species Their Survival While Ancient Humans Thrived,82,12,0,0,0,1,0,1,0,0,0,0
BeforeCivilization,10967,Why Ancient Humans Started Hiding Their Bodies,46,7,0,1,0,1,0,0,0,0,0,0
BeforeCivilization,12195,Smartest Ways Ancient Humans Used to Kill Animals 10x Their Size,64,11,0,0,0,1,0,1,0,0,0,0
BeforeCivilization,2584,"Ancient Humans Had No TV, No Phones, No Internet... So What Did They Do?",72,14,1,0,0,1,0,0,0,1,1,0
BeforeCivilization,3132,How Did Ancient Humans Perform surgeries?,41,6,1,1,0,1,0,0,0,0,0,0
BeforeCivilization,5816,The Desperate Strategy of Ancient Humans That Saved Them From Extinction,72,11,0,0,0,1,0,0,0,0,0,0
BeforeCivilization,1508,The Dark Secret Ancient Humans Took To The Grave,48,9,0,0,0,1,0,1,0,0,0,0
BeforeCivilization,1612,What Did Ancient Humans Eat When the Food Ran Out?,50,10,1,1,0,1,0,0,0,0,0,0
BeforeCivilization,8250,How Did Ancient Humans Deal With Hygiene Before?,48,8,1,1,0,1,0,0,0,0,0,0
BeforeCivilization,2539,Why Did Ancient Humans Fear This More Than Death?,49,9,1,1,0,1,0,2,0,0,0,0
BeforeCivilization,7070,How Ancient Humans Actually Kept Their Children Alive Against Odds,66,10,0,1,0,1,0,0,0,0,0,0
BeforeCivilization,2922,Why Did Ancient Humans Split Into Different Colors,50,8,0,1,0,1,0,0,0,0,0,0
BeforeCivilization,1266,The Darkest Things Ancient Humans Did To Survive,48,8,0,0,0,1,1,1,0,0,0,0
BeforeCivilization,3216,How Did Ancient Humans Face A Terrifying Death In The Dark?,59,11,1,1,0,1,0,3,0,0,0,0
BeforeCivilization,131647,The CRAZIEST  Survival Methods Used by Ancient Humans During the Ice Age (MUST WATCH!!),87,14,0,0,0,1,1,1,0,3,0,2
BeforeCivilization,2457,Why Ancient Humans Would’ve Died Without Animals (Shocking Truth!!),67,9,0,1,0,1,0,1,0,0,0,2
BeforeCivilization,22675,How Did Humans Actually Sleep In The Ice Age Without Freezing To Death?,71,13,1,1,0,1,0,1,0,0,0,0
BeforeCivilization,13796,How Did ancient humans ACTUALLY Survive –40°C Winters Without Heaters?,70,10,1,1,0,1,0,1,1,2,0,0
BeforeCivilization,11811,How Did Humans Actually Eat During the Ice Age at -40°C?,56,11,1,1,0,1,0,0,1,1,0,0
BeforeCivilization,16054,How Did Ancient Humans Actually Find Water During the Ice Age?,62,11,1,1,0,1,0,0,0,0,0,0
BeforeCivilization,3104,Why Didn't Ice Age Babies Freeze to Death?,42,8,1,1,0,1,0,1,0,0,0,0
BeforeCivilization,43138,SHOCKING Reason Why Predators Feared Ancient Humans Even in Their Sleep,71,11,0,0,0,1,0,1,0,1,0,0
BeforeCivilization,7406,Why Ancient Humans Slept Inside Dead Animals,44,7,0,1,0,1,0,0,0,0,0,0
BeforeCivilization,2820,Ancient Humans Had Perfect Focus — Here's Exactly What Destroyed Yours,70,11,0,0,1,1,0,0,0,0,0,0
BeforeCivilization,29451,A Day In The Life Of An Ice Age Human,37,10,0,0,0,1,0,0,0,0,0,0
BeforeCivilization,57505,Why Ancient Humans Couldn't Survive Without Grandparents,56,7,0,1,0,1,0,1,0,0,0,0
BeforeCivilization,41800,What Did Humans Do During Ice Age Summers?,42,8,1,1,0,1,0,0,0,0,0,0
BeforeCivilization,9950,Why Did Ancient Humans Walk Straight Into the Ice?,50,9,1,1,0,1,0,0,0,0,0,0
BeforeCivilization,71951,How Did Ancient Humans Keep Fire Alive in Endless Rain?,55,10,1,1,0,1,0,0,0,0,0,0
BeforeCivilization,25117,How Did Ancient Humans Hunt During Weeks of Rain?,49,9,1,1,0,1,0,0,0,0,0,0
BeforeCivilization,5872,What Happened When a Prehistoric Child Made Their First kill?,61,10,1,1,0,1,0,1,0,0,0,0
BeforeCivilization,12582,What Happened If Ancient Humans Lost Their Tribe?,49,8,1,1,0,1,0,0,0,0,0,0
BeforeCivilization,16129,The Deadliest Mistake Ice Age Humans Ever Made,46,8,0,0,0,1,1,1,0,0,0,0
BeforeCivilization,4048,What Did Ancient Humans Do When Their Cave Flooded?,51,9,1,1,0,1,0,0,0,0,0,0
BeforeCivilization,6392,What Did Ancient Humans Do When a Predator Followed Them Home?,62,11,1,1,0,1,0,1,0,0,0,0
BeforeCivilization,8942,The Worst Place to Spend One Night During the Ice Age,53,11,0,0,0,1,1,0,0,0,0,0
BeforeCivilization,34253,What Happened After Ancient Humans Killed a Mammoth?,52,8,1,1,0,1,0,1,0,0,0,0
BeforeCivilization,3138,The Largest Animals Hunted by Ancient Humans,44,7,0,0,0,1,0,0,0,0,0,0
BeforeCivilization,79601,How Did Ancient Humans Sleep Through Endless Rain?,50,8,1,1,0,1,0,0,0,0,0,0
BeforeCivilization,6001,What Did Ancient humans Do If They Were Injured Far From Home?,62,12,1,1,0,1,0,0,0,0,0,0
BeforeCivilization,23808,The Terrifying Sound Every Ancient Human Recognized,51,7,0,0,0,1,1,1,0,0,0,0
BeforeCivilization,40948,Why Ancient Humans Couldn't Afford to Lose Their Grandparents,61,9,0,1,0,1,0,0,0,0,0,0
BeforeCivilization,5530,What Did Ancient Humans Do With People Who Heard Voices?,56,10,1,1,0,1,0,0,0,0,0,0
BeforeCivilization,7753,The Most Horrifying Ways Ancient Humans Stayed Warm,51,8,0,0,0,1,1,0,0,0,0,0
BeforeCivilization,5540,What Happned When Ancient Humans Discovered Fire?,49,7,1,1,0,1,0,0,0,0,0,0
BeforeCivilization,3585,What Happened When It Didn't Snow During the Ice Age?,53,10,1,1,0,1,0,0,0,0,0,0
BeforeCivilization,3279,6 Scary Prehistoric Animals Found Frozen in Ice,47,8,0,0,0,1,0,1,1,0,0,0
BeforeCivilization,4885,Why Ancient Humans Risked Everything To Teach Children,54,8,0,1,0,1,0,0,0,0,0,0
BeforeCivilization,4239,The Ancient Survival Trick That Kept Fire Alive for Days,56,10,0,0,0,1,0,1,0,0,0,0
BeforeCivilization,8748,How Ancient Humans Survived 6 Months Without Seeing The Sun,59,10,0,1,0,1,0,1,1,0,0,0
BeforeCivilization,2276,Why Were Ancient Humans Healthier Than Us?,42,7,1,1,0,1,0,0,0,0,0,0
BrightPsycho,245,Do This for 20 Seconds to Reset Your Mind,41,9,0,1,1,0,0,0,1,0,0,0
BrightPsycho,59,Small 6 Habits That Create Massive Change,41,7,0,0,0,0,0,0,1,0,0,0
BrightPsycho,51,Stop Procrastinating: The 60-Second Brain Trick,47,6,0,0,0,0,0,0,1,0,0,0
BrightPsycho,42,5 Things You're Doing WRONG When Trying to Build Habits,55,10,0,0,1,0,0,0,1,1,0,0
BrightPsycho,52,This One Daily Habit Is Quietly Destroying Your Focus (Psychology Explains),75,11,0,0,1,0,0,0,0,0,0,0
BrightPsycho,105,4 Small Habits That Slowly Destroy Confidence,45,7,0,0,0,0,0,0,1,0,0,0
BrightPsycho,141,The 2-Min Brain Trick That Stops Procrastination (Try Tonight),62,9,0,0,0,0,0,0,1,0,0,0
BrightPsycho,24,Are Intelligent People With Imposter Syndrome Hiding In Plain Sight,67,10,0,1,0,0,0,0,0,0,0,0
BrightPsycho,607,WARNING: This Daily Habit Is Destroying Your Focus,50,8,0,0,1,0,0,0,0,1,0,0
BrightPsycho,71,This One Morning Habit Quietly Shapes Your Life,47,8,0,0,1,0,0,0,0,0,0,0
BrightPsycho,87,The Morning Habit That Rewires Your Mood Every Day,50,9,0,0,1,0,1,0,0,0,0,0
BrightPsycho,171,Top 5 Morning Habits Most Successful People Never Skip,54,9,0,0,0,0,2,0,1,0,0,0
BrightPsycho,92,Do this every morning for 30 days and your brain will feel quieter,66,13,0,1,1,0,1,0,1,0,0,0
BrightPsycho,1055,Stop Overthinking in 10 Seconds – Simple Brain Trick,52,9,0,0,0,0,0,0,1,0,0,0
BrightPsycho,165,The 5 SECOND Brain Hack to Boost Productivity,45,8,0,0,0,0,0,0,1,1,0,0
BrightPsycho,55,I Tried a 10 Second Productivity Trick for 30 Days and Here's What Happened,75,14,0,0,0,0,0,0,1,0,0,0
BrightPsycho,50,Top Anxiety Expert Shares 3-Second Mindfulness Hack,51,7,0,0,0,0,0,0,1,0,0,0
BrightPsycho,28,Expert Reveals 3 Simple Tricks to Boost Your Daily Productivity with Micro-Wins,79,12,0,0,1,0,0,0,1,0,0,0
BrightPsycho,103,Brain Shutdown Faceoff 5-Minute vs 2-Minute Method,50,7,0,0,0,0,0,0,1,0,0,0
BrightPsycho,222,The 7-Second Confidence Trick (Stand Like a Winner),51,8,0,0,0,0,0,0,1,0,0,0
BrightPsycho,37,Relax Your JAW in 3 Seconds with this Simple Trick,50,10,0,0,1,0,0,0,1,1,0,0
BrightPsycho,156,The 10 Second Rule That Will Boost Your Energy Levels FOREVER,61,11,0,0,1,0,0,0,1,1,0,0
BrightPsycho,22,Top Doctor Reveals 5-Second ENERGY BOOST with Cold Water Wrist Trick,68,11,0,0,0,0,0,0,1,2,0,0
BrightPsycho,44,Stop Overthinking Before Sleep in 10 Seconds (One-Line Dump Trick),66,10,0,0,0,0,0,0,1,0,0,0
BrightPsycho,126,The First 90 Seconds After Waking Decide Your Entire Day,56,10,0,0,1,0,0,0,1,0,0,0
BrightPsycho,46,Happiness Hack vs Quick Fix Which is Better for Your Mood,57,11,0,0,1,0,0,0,0,0,0,0
BrightPsycho,58,Feel Energized Right Now – 10-Second Brain Hack (No Coffee),59,10,0,0,0,0,0,0,1,0,0,0
BrightPsycho,15,Calm on Sundays Is Meditation Really Better Than Deep Breathing for Relaxation?,79,12,1,0,0,0,0,0,0,0,0,0
BrightPsycho,174,This 10-Second Hack Builds Unstoppable Confidence [Do Now],58,8,0,0,0,0,0,0,1,0,0,0
BrightPsycho,58,The BIGGEST Morning Mistake That's Weighing You Down,52,8,0,0,1,0,1,0,0,1,0,0
BrightPsycho,41,Brain Hacks vs Positive Thinking Which is Better for Confidence?,64,10,1,0,0,0,0,0,0,0,0,0
BrightPsycho,223,Reset Social Anxiety in 7 Seconds (Hands + Breath Trick),56,10,0,0,0,0,0,0,1,0,0,0
BrightPsycho,25,Why Quiet People Are The Strongest | Psychology Facts,53,9,0,1,0,0,0,0,0,0,0,0
BrightPsycho,26,7 Reasons Why Talking to Yourself Makes You Smarter,51,9,0,0,1,0,0,0,1,0,0,0
BrightPsycho,56,4 Mistakes That Make Overthinking Worse,39,6,0,0,0,0,0,0,1,0,0,0
BrightPsycho,80,Warning  this Overthinking Secretly Destroys Your Happiness,59,7,0,0,1,0,0,0,0,0,0,0
BrightPsycho,101,Your Anxiety is Lying to You | 3 Tricks That Actually Work,58,12,0,0,1,0,0,0,1,0,0,0
BrightPsycho,42,Do you feel mentally exhausted even on normal days,50,9,0,1,1,0,0,0,0,0,0,0
BrightPsycho,75,Your Brain Is Working Against You — 5 Habits Destroying Your Motivation,71,12,0,0,1,0,0,0,1,0,0,0
BrightPsycho,107,Feel Happy Instantly – 4 Brain Hacks in 15 Seconds,50,10,0,0,0,0,0,0,1,0,0,0
BrightPsycho,913,6 Normal Habits That Are Destroying Your Brain,46,8,0,0,1,0,0,0,1,0,0,0
BrightPsycho,48,4 Brain Tricks That Stop Overthinking in 10 Seconds,51,9,0,0,0,0,0,0,1,0,0,0
BrightPsycho,134,7-Minute Brain Reset to Beat Overthinking Instantly,51,7,0,0,0,0,0,0,1,0,0,0
BrightPsycho,85,10 Morning Habits That Make You Happier,39,7,0,0,1,0,0,0,1,0,0,0
BrightPsycho,38,These Daily Habits Are Silently Rewiring Your Brain,51,8,0,0,1,0,0,0,0,0,0,0
BrightPsycho,109,You’re Not Lazy This Is Why You Can’t Focus,43,9,0,0,1,0,0,0,0,0,0,0
BrightPsycho,132,Do This Before Bed & Wake Up Happy (8-Second Trick),51,10,0,1,0,0,0,0,1,0,0,0
BrightPsycho,114,5 Habits That Instantly Reset Your Mood in 60 Seconds,53,10,0,0,1,0,0,0,1,0,0,0
BrightPsycho,247,The Night Habit That Makes You Wake Up Happy in 10 second,57,12,0,0,1,0,0,0,1,0,0,0
BrightPsycho,110,5 Happiness Hacks You Can Do in 10 Seconds ( Psychology),56,11,0,0,1,0,0,0,1,0,0,0
BrightPsycho,61,5 Silent Habits That Are Killing Your Happiness,47,8,0,0,1,0,0,0,1,0,0,0
BrightPsycho,82,The Happiness Habit Happy People Never Miss,43,7,0,0,0,0,1,0,0,0,0,0
BrightPsycho,102,The Psychology of People Who Stay Calm Under Pressure,53,9,0,0,0,0,0,0,0,0,0,0
BrightPsycho,91,Why Some People Never Give Up After Failure,43,8,0,1,0,0,1,0,0,0,0,0
BrightPsycho,84,Why Smart People Are Prone to Overthinking,42,7,0,1,0,0,0,0,0,0,0,0
BrightPsycho,144,5 Habits Happy People Do Before 9 AM,36,8,0,0,0,0,0,0,1,0,0,0
BrightPsycho,112,The Psychology Behind Unhappy People,36,5,0,0,0,0,0,0,0,0,0,0
BrightPsycho,126,The Psychology of Discipline and Self-Control,45,6,0,0,0,0,0,0,0,0,0,0
BrightPsycho,182,Ancient Humans Healed Infections Using This One Plant,53,8,0,0,0,1,0,0,0,0,0,0
BrightPsycho,670,Did Ancient Humans Talk To Animals?,35,6,1,1,0,1,0,0,0,0,0,0
BrightPsycho,221,Ancient Humans Had the Perfect Hunting Partner — And It Could Fly,65,12,0,0,0,1,0,0,0,0,0,0
BrightPsycho,373,How Did Ancient Humans Impress A Girl ?,39,8,1,1,0,1,0,0,0,0,0,0
BrightPsycho,329,Why Did Ancient Humans Raise Other Kids?,40,7,1,1,0,1,0,0,0,0,0,0
BrightPsycho,4262,Why Are Animals Afraid Of Humans?,33,6,1,1,0,0,0,1,0,0,0,0
BrightPsycho,129514,Why Don't Wild Animals Eat Sleeping Humans ?,44,8,1,1,0,0,0,0,0,0,0,0
BrightPsycho,2691,Why Are This Animals Fear Of Humans?,36,7,1,1,0,0,0,1,0,0,0,0
BrightPsycho,672,Animals Know What's Coming | The Signal Humans Lost,51,9,0,0,0,0,0,0,0,0,0,0
BrightPsycho,638,Why Not Predators Attack Sleeping Humans?,41,6,1,1,0,0,0,1,0,0,0,0
BrightPsycho,1085,Why Don't wild Animals Attack Crying Babies ?,45,8,1,1,0,0,0,0,0,0,0,0
BrightPsycho,192,Gorillas Share Their Pain With Humans?,38,6,1,0,0,0,0,0,0,0,0,0
BrightPsycho,1602,Why This Wild Animal Handed Its Baby to a Human?,48,10,1,1,0,0,0,0,0,0,0,0
BrightPsycho,569,Why Predators Hunt Humans While Others Run ?,44,8,1,1,0,0,0,1,0,0,0,0
BrightPsycho,822,Which Animal Bite Can Kill You in 60 Seconds?,45,9,1,0,1,0,0,1,1,0,0,0
BrightPsycho,309,Which Insect Sting Can Kill You in Minutes ?,44,9,1,0,1,0,0,1,0,0,0,0
BrightPsycho,2657,Why Do Animals Save Human Lives ?,33,7,1,1,0,0,0,0,0,0,0,0
BrightPsycho,450,Why Do Elephants Bury Their Dead?,33,6,1,1,0,0,0,0,0,0,0,0
BrightPsycho,504462,Why Can't We Eat Predator Meat?,31,6,1,1,0,0,0,1,0,0,0,0
BrightPsycho,1431,Why Do Some Animals Adopt Babies From Other Species?,52,9,1,1,0,0,0,0,0,0,0,0
BrightPsycho,135214,Why Do We Only Eat Chicken Eggs?,32,7,1,1,0,0,1,0,0,0,0,0
BrightPsycho,51283,Why Don't We Drink Any Other Animal's Milk?,43,8,1,1,0,0,0,0,0,0,0,0
BrightPsycho,21274,Why Can't We Eat Wild Bird Meat ?,33,8,1,1,0,0,0,0,0,0,0,0
BrightPsycho,3878,Why Wild Animals Secretly Ask Humans To Help Them?,50,9,1,1,0,0,0,0,0,0,0,0
BrightPsycho,5811,Why Don't We Eat Enough Insects ?,33,7,1,1,0,0,0,0,0,0,0,0
BrightPsycho,13211,Why Don't We Eat Crocodile Meat?,32,6,1,1,0,0,0,0,0,0,0,0
BrightPsycho,32044,Why Can't We Drink Predator Milk?,33,6,1,1,0,0,0,1,0,0,0,0
BrightPsycho,1596,Why Don't We Drink Animal Blood?,32,6,1,1,0,0,0,0,0,0,0,0
BrightPsycho,161520,Why Don't Predators Eat Other Predators?,40,6,1,1,0,0,0,2,0,0,0,0
BrightPsycho,36920,Why Don't We Eat Most Ocean Fish?,33,7,1,1,0,0,1,0,0,0,0,0
BrightPsycho,21236,Why Humans Don't Eat Predator Meat ?,36,7,1,1,0,0,0,1,0,0,0,0
BrightPsycho,1551,Why Do Predators Kill  Other's Babies ?,39,7,1,1,0,0,0,2,0,0,0,0
BrightPsycho,46706,Why Do We Eat Raw Fish But Avoid Raw Meat?,42,10,1,1,0,0,0,0,0,0,0,0
BrightPsycho,65984,Why Do Predators Swallow Meat Whole ?,37,7,1,1,0,0,0,1,0,0,0,0
BrightPsycho,5641,Why Do Humans Crave Spicy Foods ?,33,7,1,1,0,0,0,0,0,0,0,0
BrightPsycho,9522,Why Do People Eat Frogs But Never Toads?,40,8,1,1,0,0,1,0,0,0,0,0
BrightPsycho,3051,Why Do We Eat Shrimp But Not Cockroaches ?,42,9,1,1,0,0,0,0,0,0,0,0
BrightPsycho,3436,Why Don't Predators Attack Sleeping Prey ?,42,7,1,1,0,0,0,1,0,0,0,0
InkExplainer,321186,The Real Reason Humans Started Wearing Clothes,46,7,0,0,0,0,0,0,0,0,0,0
InkExplainer,6972,what is The IKEA Effect.,24,5,0,1,0,0,0,0,0,1,0,0
InkExplainer,25548,What did Early Humans do when they got Sick,43,9,0,1,0,0,0,0,0,0,0,0
InkExplainer,137062,Why Life Speeds Up As You Get Older?,36,8,1,1,1,0,0,0,0,0,0,0
InkExplainer,770747,When Did Ancient Humans Start Drinking Alcohol?,47,7,1,1,0,1,0,0,0,0,0,0
InkExplainer,196188,Do Animals Know When Another Animal is a Baby?,46,9,1,1,0,0,0,0,0,0,0,0
InkExplainer,247555,When Did Ancient Humans Started Smoking Weed?,45,7,1,1,0,1,0,0,0,0,0,0
InkExplainer,884194,Why Are We the Only Human Species Left? What happened to others...,66,12,0,1,0,0,1,0,0,0,1,0
InkExplainer,657575,How Did Ancient Humans Travel the World?,40,7,1,1,0,1,0,0,0,0,0,0
InkExplainer,1101989,What Did Ancient Humans Do When It Rained All Week?,51,10,1,1,0,1,0,0,0,0,0,0
InkExplainer,144601,The Disturbing Ways Ancient Humans Survived Winter,50,7,0,0,0,1,0,1,0,0,0,0
InkExplainer,18404,How Did Human Accidentally Invented Guns?,41,6,1,1,0,0,0,0,0,0,0,0
Mack,1694495,When Did Ancient Humans Start Smoking?,38,6,1,1,0,1,0,0,0,0,0,0
Mack,198583,When Did Ancient Humans First Drink Alcohol?,44,7,1,1,0,1,0,0,0,0,0,0
Mack,190209,How Did Ancient Humans Survive Without Medicine?,48,7,1,1,0,1,0,1,0,0,0,0
Mack,729139,Why Did Ancient Humans Start Wearing Clothes?,45,7,1,1,0,1,0,0,0,0,0,0
Mack,325315,What Did Ancient Humans Do All Day With No Jobs?,48,10,1,1,0,1,0,0,0,0,0,0
Mack,502631,Do Wild Animals Know When a Human Is Helping Them?,50,10,1,1,0,0,0,0,0,0,0,0
Mack,319625,How Did Ancient Humans Survive Predators?,41,6,1,1,0,1,0,2,0,0,0,0
Mack,57335,Do Animals Know They're Alive?,30,5,1,1,0,0,0,0,0,0,0,0
Mack,561229,How Did Ancient Women Handle Their Periods?,43,7,1,1,0,1,0,0,0,0,0,0
Mack,81714,Do Animals Know When a Human is Sad?,36,8,1,1,0,0,0,0,0,0,0,0
Mack,148974,Did Ancient Humans Have a Private Life?,39,7,1,1,0,1,0,0,0,0,0,0
Mack,1032078,Why Ancient Humans Went From Black to White?,44,8,1,1,0,1,0,0,0,0,0,0
Mack,164311,What Did Ancient Humans Do With the Mentally Ill?,49,9,1,1,0,1,0,0,0,0,0,0
Mack,495688,Why Are Animals Scared of Humans?,33,6,1,1,0,0,0,0,0,0,0,0
Mack,237674,Why Did Your Baby Memories Disappear?,37,6,1,1,1,0,0,0,0,0,0,0
Mack,15159,Could Ancient Humans Prevent Pregnancy?,39,5,1,1,0,1,0,0,0,0,0,0
Mack,7140,What Animal Will Humans Domesticate Next?,41,6,1,1,0,0,0,0,0,0,0,0
Mack,6094,Why Ancient Humans Would Have Died Without Animals?,51,8,1,1,0,1,0,1,0,0,0,0
Mack,14833,What Are Your Final 60 Minutes Like?,36,7,1,1,1,0,0,0,1,0,0,0
Mack,89110,Did Ancient Humans Have One Partner?,36,6,1,1,0,1,0,0,0,0,0,0
Mack,137155,Did Autistic Traits Help Ancient Tribes?,40,6,1,1,0,1,0,0,0,0,0,0
Mack,68820,Why Did Ancient Humans Die Young?,33,6,1,1,0,1,0,1,0,0,0,0
Mack,32498,How Did Ancient Humans Punish Criminals?,40,6,1,1,0,1,0,0,0,0,0,0
Mack,8340,How Did Ancient Humans Handle Hunger?,37,6,1,1,0,1,0,0,0,0,0,0
Mack,451251,How Did Humans Invent Guns?,27,5,1,1,0,0,0,0,0,0,0,0
Mack,5489,Do Animals Treat Babies Differently?,36,5,1,1,0,0,0,0,0,0,0,0
Mack,25000,Why Didn’t Ancient Humans Sleep Alone?,38,6,1,1,0,1,0,0,0,0,0,0
Mack,9951,Were Cavewomen Stronger Than We Think?,38,6,1,1,0,0,0,0,0,0,0,0
Mack,30277,Were Ancient Humans Attractive?,31,4,1,1,0,1,0,0,0,0,0,0
Mack,75056,What Was Black Life Like Through History?,41,7,1,1,0,0,0,0,0,0,0,0
Mack,48989,How Did Ancient Humans Travel So Far?,37,7,1,1,0,1,0,0,0,0,0,0
Mack,37685,How Did Humans Communicate Before Speech?,41,6,1,1,0,0,0,0,0,0,0,0
Mack,17617,Why Didn’t Ancient Humans Wash Their Hands?,43,7,1,1,0,1,0,0,0,0,0,0
Mack,355438,How Did Ancient Humans Survive Endless Rain?,44,7,1,1,0,1,0,1,0,0,0,0
Mack,10826,Why Can Dogs Drink Dirty Water and Survive?,43,8,1,1,0,0,0,1,0,0,0,0
Mack,31720,Why Does Time Feel Faster as You Age?,37,8,1,1,1,0,0,0,0,0,0,0
Mack,4588,How Did Ancient Women Give Birth Before Hospitals?,50,8,1,1,0,1,0,0,0,0,0,0
Mack,14586,Why Don’t We Drink Other Animals’ Milk?,39,7,1,1,0,0,0,0,0,0,0,0
Mack,18775,Did Ancient Humans Kill the Other Human Species?,48,8,1,1,0,1,0,1,0,0,0,0
Mack,9471,Did Cats Actually Domesticate Humans?,37,5,1,1,0,0,0,0,0,0,0,0
Mack,3879,Why Don’t Wild Wolves Attack Us?,32,6,1,1,0,0,0,0,0,0,0,0
Mack,5807,Why Didn’t Ancient Humans Need Exercise?,40,6,1,1,0,1,0,0,0,0,0,0
Mack,20068,What Was History’s Most Terrifying Disease?,43,6,1,1,0,0,1,1,0,0,0,0
Mack,38738,Is Your Inner Voice Really You?,31,6,1,1,1,0,0,0,0,0,0,0
Mack,19181,What Happens When You Become Conscious Inside a Dream?,54,9,1,1,1,0,0,0,0,0,0,0
Mack,6216,How Did the Other 6 Civilizations Disappear?,44,7,1,1,0,0,0,0,1,0,0,0
Mack,13910,Why Did Ancient Humans Become Parents at 12?,44,8,1,1,0,1,0,0,1,0,0,0
Mack,6078,Did Ancient Humans Reproduce With Family Members?,49,7,1,1,0,1,0,0,0,0,0,0
Mack,4401,Why Do Humans Mostly Drink Cow’s Milk?,38,7,1,1,0,0,0,0,0,0,0,0
Mack,5984,Why Do Some of Us Have Almond-Shaped Eyes?,42,8,1,1,0,0,0,0,0,0,0,0
Mack,17895,What’s the Smallest Human Population Needed to Repopulate Earth?,64,9,1,1,0,0,0,0,0,0,0,0
Mack,8056,How Did Vikings Stay Warm on Freezing Ships?,44,8,1,1,0,0,0,0,0,0,0,0
Mogo,3073,How Did Ancient Women Manage Their Periods?,43,7,1,1,0,1,0,0,0,0,0,0
Mogo,32236,When Did Ancient Humans Actually Start Smoking?,47,7,1,1,0,1,0,0,0,0,0,0
Mogo,1357,How Did Ancient Humans Keep Their Kids Alive?,45,8,1,1,0,1,0,0,0,0,0,0
Mogo,4302,Did Ancient Humans Smell Terrible?,34,5,1,1,0,1,0,0,0,0,0,0
Mogo,91302,Why Do Ancient Humans Have Different Blood Types?,49,8,1,1,0,1,0,0,0,0,0,0
Mogo,2363,How Did Ancient Humans Treat Disease?,37,6,1,1,0,1,0,0,0,0,0,0
Mogo,158328,How Did Ancient Humans Survive Endless Rain?,44,7,1,1,0,1,0,1,0,0,0,0
Mogo,3302,How Did Tribes Punish Their Worst Members?,42,7,1,1,0,0,1,0,0,0,0,0
Mogo,115559,Why Do Animals Save Humans?,27,5,1,1,0,0,0,0,0,0,0,0
Mogo,702,Why Did 95% Of Ancient Men Disappear?,37,7,1,1,0,1,0,0,1,0,0,0
Mogo,567,Where Are You When You Dream?,29,6,1,1,1,0,0,0,0,0,0,0
Mogo,2458,Why Did Ancient Humans Marry So Young?,38,7,1,1,0,1,0,0,0,0,0,0
Mogo,5237,Do Insects Know They Exist?,27,5,1,1,0,0,0,0,0,0,0,0
Mogo,2952,Do Animal Feel Time Differently?,32,5,1,1,0,0,0,0,0,0,0,0
Mogo,2713,How Did Ancient Humans Survive Winter?,38,6,1,1,0,1,0,1,0,0,0,0
Mogo,368082,Why Don’t We Eat Other Animal Eggs?,35,7,1,1,0,0,0,0,0,0,0,0
Mogo,2312,Why Didn’t Ancient Humans Exercise?,35,5,1,1,0,1,0,0,0,0,0,0
Mogo,5926,How Did Ancient Humans Handle Death?,36,6,1,1,0,1,0,1,0,0,0,0
Mogo,4682,How Did Humans Survive Before Houses?,37,6,1,1,0,0,0,1,0,0,0,0
Mogo,3628,Why Did Ancient Humans Sleep On Rocks?,38,7,1,1,0,1,0,0,0,0,0,0
Mogo,9484,How Did Wild Cats Become Human Pets?,36,7,1,1,0,0,0,0,0,0,0,0
Mogo,9306,Why Can’t You Remember Being a Baby?,36,7,1,1,1,0,0,0,0,0,0,0
Mogo,380,Why Do You Keep Waking Up at 3AM?,33,8,1,1,1,0,0,0,0,1,0,0
Mogo,277,Why Do Humans Forget Their Dreams?,34,6,1,1,0,0,0,0,0,0,0,0
Mogo,35817,Do Wild Animals See Humans As Weak?,35,7,1,1,0,0,0,0,0,0,0,0
Mogo,7619,How Did Ancient Humans Use the Bathroom?,40,7,1,1,0,1,0,0,0,0,0,0
Mogo,5522,Why Did Humans Stop Eating Animal Organs?,41,7,1,1,0,0,0,0,0,0,0,0
Mogo,18917,"What Did Ancient Humans Do During the 100,000 Missing Years?",60,10,1,1,0,1,0,0,1,0,0,0
Mogo,2731,How Did Humans First Discover Alcohol?,38,6,1,1,0,0,0,0,0,0,0,0
Mogo,2382,What Dumb Skill Made Ancient Humans So Dangerous?,49,8,1,1,0,1,0,1,0,0,0,0
Mogo,1121,How Did Ancient Humans Cross Oceans Without Ships?,50,8,1,1,0,1,0,0,0,0,0,0
MrHell,1719,What Did Ancient Humans Do After Drinking Alcohol?,50,8,1,1,0,1,0,0,0,0,0,0
MrHell,419883,What Did Ancient Humans Really Do at Night?,43,8,1,1,0,1,0,0,0,0,0,0
MrHell,4235,How Did Ancient Humans Actually Find Love?,42,7,1,1,0,1,0,0,0,0,0,0
MrHell,3204,How Did Ancient Humans Survive Sickness before Science?,55,8,1,1,0,1,0,1,0,0,0,0
MrHell,3268,What Ancient Humans Did When Someone Died,41,7,0,1,0,1,0,1,0,0,0,0
MrHell,1755,"What Happens if You Break the Law 50,000 Years Ago?",51,10,1,1,1,0,0,0,1,0,0,0
MrHell,1509,How Did Ancient Humans Survive Ancient Dentistry?,49,7,1,1,0,1,0,1,0,0,0,0
MrHell,1268,How Did Ancient Humans Accidentally Create Dogs?,48,7,1,1,0,1,0,0,0,0,0,0
MrHell,2165,What Did Ancient Humans Hide In Your DNA?,41,8,1,1,1,1,0,0,0,1,0,0
MrHell,1806,"Why Ancient Humans Never Felt ""Lazy""?",37,6,1,1,0,1,1,0,0,0,0,0
Myrk,27895,How Ancient Humans Survived Every Apex Predators?,49,7,1,1,0,1,1,2,0,0,0,0
Myrk,11008,What Do Animals Think About Humans?,35,6,1,1,0,0,0,0,0,0,0,0
Myrk,4689,Why Do Humans Have Different Skin Colors?,41,7,1,1,0,0,0,0,0,0,0,0
Myrk,40603,Why Did Humans Start Cooking Everything?,40,6,1,1,0,0,0,0,0,0,0,0
Myrk,337806,Why are animals afraid of humans?,33,6,1,1,0,0,0,1,0,0,0,0
Myrk,4759,How did ancient humans survive DEADLIEST winter?,48,7,1,1,0,1,1,2,0,1,0,0
Myrk,1441,Do Animals Remember Humans Who Saved Them?,42,7,1,1,0,0,0,0,0,0,0,0
Myrk,3838,Why Did Humans Start Cooking Food?,34,6,1,1,0,0,0,0,0,0,0,0
Myrk,2780,Why Can't Wild Animals Attack Sleeping Humans?,46,7,1,1,0,0,0,0,0,0,0,0
Myrk,749,What Did Ancient Humans Do When It's Wouldn't Stop Raining?,59,10,1,1,0,1,0,0,0,0,0,0
Myrk,1305,Why Humans Can't Eat Predator Meat?,35,6,1,1,0,0,0,1,0,0,0,0
Myrk,226,How Humans Became The Ultimate Predators,40,6,0,1,0,0,0,1,0,0,0,0
Myrk,31,Which Fish Did Human Evolve from?,33,6,1,0,0,0,0,0,0,0,0,0
Myrk,4664,Why Humans Can’t Eat Raw Meat?,30,6,1,1,0,0,0,0,0,0,0,0
Myrk,61,Why predators never eat other predators ?,41,7,1,1,0,0,1,2,0,0,0,0
Myrk,221,How Humans Learned to Speak?,28,5,1,1,0,0,0,0,0,0,0,0
Myrk,47,why can't Humans drink other animal's milk?,43,7,1,1,0,0,0,0,0,0,0,0
NeonRush,299,Why You Can't Tickle Yourself?,30,5,1,1,1,0,0,0,0,0,0,0
NeonRush,255,Why Humans Take Forever to Grow Up?,35,7,1,1,0,0,0,0,0,0,0,0
NeonRush,208,Why Do Humans have different Races?,35,6,1,1,0,0,0,0,0,0,0,0
NeonRush,12587,How Did Humans End Up in Australia?,35,7,1,1,0,0,0,0,0,0,0,0
NeonRush,1164,The Rarest Human Who Could Ever Exist!,38,7,0,0,0,0,0,0,0,0,0,1
NeonRush,1547,Why Ancient Humans Needed Wolves to Survive?,44,7,1,1,0,1,0,1,0,0,0,0
NeonRush,307,Why It's Better to Be Prey Than a Predator?,43,9,1,1,0,0,0,1,0,0,0,0
NeonRush,827,How Ancient Humans Found Water?,31,5,1,1,0,1,0,0,0,0,0,0
NeonRush,190,Why Do Animals Remember Humans for Years?,41,7,1,1,0,0,0,0,0,0,0,0
NeonRush,1768,How Humans Invented Guns?,25,4,1,1,0,0,0,0,0,0,0,0
NeonRush,337,Why Do Wild Animals Protect Human Children?,43,7,1,1,0,0,0,0,0,0,0,0
NeonRush,14672,How Did Ancient Humans Discover Beer?,37,6,1,1,0,1,0,0,0,0,0,0
NeonRush,84503,How Did Humans Invent Bow and Arrow?,36,7,1,1,0,0,0,0,0,0,0,0
NeonRush,4595,How Did Humans Invent Nukes?,28,5,1,1,0,0,0,0,0,0,0,0
NeonRush,42565,How Did Humans Invent Boats?,28,5,1,1,0,0,0,0,0,0,0,0
NeonRush,48692,How Did Humans Invent Wheel?,28,5,1,1,0,0,0,0,0,0,0,0
NeonRush,25950,How Did Humans Discover Fire?,29,5,1,1,0,0,0,0,0,0,0,0
NeonRush,5674,When Did Ancient Humans Start Eating Eggs?,42,7,1,1,0,1,0,0,0,0,0,0
NeonRush,159715,How Did Humans Invent Swords?,29,5,1,1,0,0,0,0,0,0,0,0
NeonRush,3538,How Did Humans Invent Medicines?,32,5,1,1,0,0,0,0,0,0,0,0
NeonRush,15340,How Did Humans Invent Spears?,29,5,1,1,0,0,0,0,0,0,0,0
NeonRush,13607,How Did Humans Invent the Boomerang?,36,6,1,1,0,0,0,0,0,0,0,0
NeonRush,28192,How Did Humans Invent Slavery?,30,5,1,1,0,0,0,0,0,0,0,0
NeonRush,4063,How Did Humans Invent Whip?,27,5,1,1,0,0,0,0,0,0,0,0
NeonRush,34952,How Did Humans Invent Armor?,28,5,1,1,0,0,0,0,0,0,0,0
NeonRush,6077,How Did Humans Invent Sling?,28,5,1,1,0,0,0,0,0,0,0,0
NeonRush,124545,How Did Humans Invent Countries?,32,5,1,1,0,0,0,0,0,0,0,0
NeonRush,9643,How Did Humans Invent Animal Domestication?,43,6,1,1,0,0,0,0,0,0,0,0
NeonRush,58765,How Did Humans Invent Bread?,28,5,1,1,0,0,0,0,0,0,0,0
NeonRush,7710,How Did Humans Invent Astronomy?,32,5,1,1,0,0,0,0,0,0,0,0
NeonRush,19297,How Did Humans Invent Shoes?,28,5,1,1,0,0,0,0,0,0,0,0
NeonRush,38337,How Did Humans Invent War?,26,5,1,1,0,0,0,0,0,0,0,0
NeonRush,5527,How Did Humans Invent Axe?,26,5,1,1,0,0,0,0,0,0,0,0
PaintItSimple,6471,The Craziest Communication Methods Used by Ancient Humans,57,8,0,0,0,1,1,0,0,0,0,0
PaintItSimple,1930169,The CRAZIEST Survival Methods Used by Ancient Humans During Ice Age,67,11,0,0,0,1,1,1,0,1,0,0
PaintItSimple,158195,What Did Ancient Humans Use to Hunt Giants?,43,8,1,1,0,1,0,0,0,0,0,0
PaintItSimple,291240,How Did Ancient Humans Lose Their Dark Skin?,44,8,1,1,0,1,0,1,0,0,0,0
PaintItSimple,6705,How Did Ancient Humans Survive Deadly Winters?,46,7,1,1,0,1,0,2,0,0,0,0
PaintItSimple,1060,What Did Ancient Humans Do to Preserve Food?,44,8,1,1,0,1,0,0,0,0,0,0
PaintItSimple,2539,What Did Ancient Humans Do When They Met Other Human Species,60,11,0,1,0,1,0,0,0,0,0,0
PrimalGlitch,4742,How Did Ancient Humans Live Without Privacy?,44,7,1,1,0,1,0,0,0,0,0,0
PrimalGlitch,22571,Why Evolution Left the Human Blueprint Unfinished?,50,7,1,1,0,0,0,0,0,0,0,0
PrimalGlitch,9210,What Scared Early Humans More Than Death?,41,7,1,1,0,0,0,1,0,0,0,0
PrimalGlitch,277969,Why Ancient Humans Would've Died Without Dogs?,46,7,1,1,0,1,0,1,0,0,0,0
PrimalGlitch,87131,How Cats Domesticated Ancient Humans (And Still Do),51,8,0,1,0,1,0,0,0,0,0,0
PrimalGlitch,3681,Why Ancient Humans Died Young?,30,5,1,1,0,1,0,1,0,0,0,0
PrimalGlitch,2611,Were Ancient Humans Immune To Cancer?,37,6,1,1,0,1,0,0,0,0,0,0
PrimalGlitch,120046,Why Wolves Chose Ancient Humans,31,5,0,1,0,1,0,0,0,0,0,0
PrimalGlitch,3300,Why Predators Never Attack Sleeping Humans,42,6,0,1,0,0,1,1,0,0,0,0
PrimalGlitch,1190,How Ancient Humans Accidentally Invented Guns,45,6,0,1,0,1,0,0,0,0,0,0
PrimalGlitch,2735,How Ancient Humans Survived Deadly Ice Age Winters?,51,8,1,1,0,1,0,2,0,0,0,0
PrimalGlitch,37939,Why Ancient Humans Couldn't Sleep Without Dogs?,47,7,1,1,0,1,0,0,0,0,0,0
PrimalGlitch,49,Why Ancient Humans Couldn't Domesticate Zebras Like Horses?,59,8,1,1,0,1,0,0,0,0,0,0
Rune,991,The Terrifying Reason Humans Wear Clothes,41,6,0,0,0,0,0,1,0,0,0,0
Rune,1466,Why Does the Universe Have a Speed Limit?,41,8,1,1,0,0,0,0,0,0,0,0
Rune,370,Why We Weren't Supposed to Drink Milk,37,7,0,1,0,0,0,0,0,0,0,0
Rune,142867,What Did Ancient Humans Do When They Were Bored?,48,9,1,1,0,1,0,0,0,0,0,0
Rune,29516,How Did Ancient Humans Actually Flirt?,38,6,1,1,0,1,0,0,0,0,0,0
Rune,489,How Did Ancient Humans Actually Get High?,41,7,1,1,0,1,0,0,0,0,0,0
Rune,2305,Why Ancient Humans Would Dominate the Modern Olympics,53,8,0,1,0,1,0,0,0,0,0,0
Rune,95,How Cats Slowly Conquered Humanity,34,5,0,1,0,0,0,0,0,0,0,0
Rune,1765,Did Ancient Humans Have Favorite Foods?,39,6,1,1,0,1,0,0,0,0,0,0
Rune,153,How Did Ancient Romans Actually Fall in Love?,45,8,1,1,0,1,0,0,0,0,0,0
Rune,809,What It Was Actually Like to Be a Roman Slave,45,10,0,1,0,0,0,0,0,0,0,0
Rune,48,Why Do We Actually Clap Our Hands?,34,7,1,1,0,0,0,0,0,0,0,0
Rune,64,How Ancient Humans Became Apex Predators,40,6,0,1,0,1,0,1,0,0,0,0
SimplyAStickman,1695,The Ancient Reason Loneliness Hurts So Much,43,7,0,0,0,1,0,0,0,0,0,0
SimplyAStickman,417,Why You're Still Tired After Doing Nothing?,43,7,1,1,1,0,0,0,0,0,0,0
SimplyAStickman,171,Why You Can't Stop Eating Even When You're Full? And Food Companies Know It,75,14,0,1,1,0,0,0,0,0,0,0
SimplyAStickman,295,Why Your Best Ideas Only Appear After You Give Up?,50,10,1,1,1,0,2,0,0,0,0,0
SimplyAStickman,238767,Why Ancient People With ADHD Were Better Survivors,50,8,0,1,0,1,0,0,0,1,0,0
SimplyAStickman,172,"If Ancient Humans Faced Lions, Why Do Emails Feel So Scary?",59,11,1,0,0,1,0,1,0,0,0,0
SimplyAStickman,276,Why Your Brain Keeps Breaking Focus?,36,6,1,1,1,0,0,0,0,0,0,0
SimplyAStickman,133,Why Social Media Exhausts You Even When You're Just Scrolling,61,10,0,1,1,0,0,0,0,0,0,0
SimplyAStickman,394,Why Your Brain Hates Missing Out?,33,6,1,1,1,0,0,0,0,0,0,0
SimplyAStickman,426,Why Too Many Choices Exhaust You?,33,6,1,1,1,0,0,0,0,0,0,0
SimplyAStickman,2918,Why Ancient Humans Don't Burn Out But You Do?,45,9,1,1,1,1,0,0,0,0,0,0
SimplyAStickman,134,How Long Would It Take To Count To One Billion Out Loud?,56,12,1,1,0,0,0,0,0,0,0,0
SimplyAStickman,131,What If You've Switched Off All The World's Electricity For One Second?,71,12,1,1,1,0,0,0,0,0,0,0
SimplyAStickman,493,What If Gravity Got 10% Lighter?,32,6,1,1,0,0,0,0,1,0,0,0
SimplyAStickman,1354,How ADHD Leaders Shaped History Through Hyperfocus,50,7,0,1,0,0,0,0,0,1,0,0
SimplyAStickman,122,Why We Might Not Last 24 Hours in A World Without Fear?,55,12,1,1,0,0,0,1,1,0,0,0
SimplyAStickman,1237,What If People With ADHD Runs The Modern World?,47,9,1,1,0,0,0,0,0,1,0,0
SimplyAStickman,62292,Why Ancient Tribes Needed Autistic Minds?,41,6,1,1,0,1,0,0,0,0,0,0
SimplyAStickman,204,What If We Dump Our Thrash Into Volcanos,40,8,0,1,0,0,0,0,0,0,0,0
SimplyAStickman,7337,Why AuDHD Feels Like Two Brains Fighting?,41,7,1,1,0,0,0,0,0,0,0,0
SimplyAStickman,781,Why So Many Brilliant People Have Dyslexia?,43,7,1,1,0,0,0,0,0,0,0,0
SimplyAStickman,2282,Why Ancient Humans Needed Sensitive People?,43,6,1,1,0,1,0,0,0,0,0,0
SimplyAStickman,1942,The Reasons Autistic People Go Silent,37,6,0,0,0,0,0,0,0,0,0,0
SimplyAStickman,466,Why Ancient Tribes Kept the People Who Heard Voices?,52,9,1,1,0,1,0,0,0,0,0,0
SimplyAStickman,1131,Why Some Brains Wake Up After Dark?,35,7,1,1,0,0,0,1,0,0,0,0
SimplyAStickman,372,Why Your Brain Says No?,23,5,1,1,1,0,0,0,0,0,0,0
SimplyAStickman,528,Why Autistic Mind Suddenly Shut Down And How We Can Support,59,11,0,1,0,0,0,0,0,0,0,0
SimplyAStickman,1450,Why ADHD Brains Ignore Important Things?,40,6,1,1,0,0,0,0,0,1,0,0
SimplyAStickman,463,Why AuDHD Makes You Feel Stuck All The Time,43,9,0,1,1,0,0,0,0,0,0,0
SimplyAStickman,272,Why Schizoid People Seem Emotionless?,37,5,1,1,0,0,0,0,0,0,0,0
SimplyAStickman,282,Why Do Autistic Mind Hide Who They Really Are?,46,9,1,1,0,0,0,0,0,0,0,0
SimplyAStickman,161,Why Your Brain Won't Let Go of Unfinished Events,48,9,0,1,1,0,0,0,0,0,0,0
SimplyAStickman,117,Why You Aren't Lazy. Why Your Brain Just Can't Feel Time.,57,11,0,1,1,0,0,0,0,0,0,0
SimplyAStickman,216,Why You Can't Stop Overthinking (Even When You Know What To Do),63,12,0,1,1,0,0,0,0,0,0,0
SimplyAStickman,131,Stop Using Fidget Toys To Focus (Do This Instead),49,9,0,0,0,0,0,0,0,0,0,0
SimplyAStickman,239,Why Ancient Humans Sabotaged Success And You Still Do,53,9,0,1,1,1,0,0,0,0,0,0
SimplyAStickman,111,Why Ancient Humans Feared Rejection More Than Death,51,8,0,1,0,1,0,1,0,0,0,0
SimplyAStickman,475,"The Ancient Reason Why You See 1,001 Distractions Everyone Else Misses",70,11,0,0,1,1,0,0,1,0,0,0
SimplyAStickman,171,"Stop Telling Me to ""Just Be Flexible"" (Autism Explained)",56,9,0,0,0,0,0,0,0,0,0,0
SimplyAStickman,779,Why You're Actually Best in a Crisis (ADHD Explained),53,9,0,1,1,0,1,0,0,1,0,0
SimplyAStickman,167,Why Ancient Tribes Depended On Autistic Women,45,7,0,1,0,1,0,0,0,0,0,0
SimplyAStickman,65,Why Autism In Women Go Unseen,29,6,0,1,0,0,0,0,0,0,0,0
SimplyAStickman,3367,Why Groups Reject Most Useful Member,36,6,0,1,0,0,1,0,0,0,0,0
SimplyAStickman,85,Why You Hear Every Sound in the Room at Once,44,10,0,1,1,0,1,0,0,0,0,0
SimplyAStickman,126,Stop Punishing Yourself for Changing Plan,41,6,0,0,0,0,0,0,0,0,0,0
SimplyAStickman,105,Why Being Understood Feels Different,36,5,0,1,0,0,0,0,0,0,0,0
SimplyAStickman,30,Why Life Seems To Speed Up As We Age,36,9,0,1,0,0,0,0,0,0,0,0
Stickly,146645,How Did Ancient Humans Have a Private Life?,43,8,1,1,0,1,0,0,0,0,0,0
Stickly,14217,Why Did Ancient Humans Become White?,36,6,1,1,0,1,0,0,0,0,0,0
Stickly,584380,What Did Ancient Humans Do During the Night?,44,8,1,1,0,1,0,0,0,0,0,0
Stickly,100795,What Did Ancient Humans Do Without Jobs,39,7,0,1,0,1,0,0,0,0,0,0
Stickly,171628,How Did Ancient Humans Survive Before Medicine?,47,7,1,1,0,1,0,1,0,0,0,0
Stickly,26947,How Humans Accidentally Domesticated Dogs,41,5,0,1,0,0,0,0,0,0,0,0
Stickly,10517,How Did Ancient Women Give Birth?,33,6,1,1,0,1,0,0,0,0,0,0
Stickly,4183,What Did Ancient Humans Actually Drink?,39,6,1,1,0,1,0,0,0,0,0,0
Stickly,62198,How Did Ancient Humans Actually Fall in Love?,45,8,1,1,0,1,0,0,0,0,0,0
Stickly,417462,Why Do We Always Need to Pet Everything?,40,8,1,1,0,0,0,0,0,0,0,0
Stickly,2078350,Why Do Predators Ignore Sleeping Humans?,40,6,1,1,0,0,0,1,0,0,0,0
Stickly,6452,Did Cancer Kill Ancient Humans?,31,5,1,1,0,1,0,1,0,0,0,0
Stickly,21490,Why Did Animals Learn to Fear Us?,33,7,1,1,0,0,0,1,0,0,0,0
Stickly,10539,How Did Ancient Humans Hunt Giant Animals?,42,7,1,1,0,1,0,0,0,0,0,0
Stickly,11678,Why Is One Hand Dominant?,25,5,1,1,0,0,0,0,0,0,0,0
Stickly,130586,Could Ancient Humans Become Obese?,34,5,1,1,0,1,0,0,0,0,0,0
Stickly,8684,What Happened After Ancient Humans Found Fire?,46,7,1,1,0,1,0,0,0,0,0,0
Stickly,165872,What Did Humans Eat Before Fire?,32,6,1,1,0,0,0,0,0,0,0,0
Stickly,5596,How Did Ancient Humans Handle Sleepless Night?,46,7,1,1,0,1,0,0,0,0,0,0
Stickly,24696,How Did Ancient Humans Build Everything?,40,6,1,1,0,1,0,0,0,0,0,0
Stickly,15179,Why Are Predators Afraid of Our Thumbs?,39,7,1,1,0,0,0,2,0,0,0,0
Stickly,16143,Did Ancient Humans Actually Live Underground?,45,6,1,1,0,1,0,0,0,0,0,0
Stickly,17400,How Did Ancient Humans Live Without Houses?,43,7,1,1,0,1,0,0,0,0,0,0
Stickly,4248,Do Animals Find Humans Adorable?,32,5,1,1,0,0,0,0,0,0,0,0
Stickly,45400,Why Do Cats and Dogs Fight?,27,6,1,1,0,0,0,0,0,0,0,0
Stickly,279692,Why Do Animals Bring Babies to Humans?,38,7,1,1,0,0,0,0,0,0,0,0
Stickly,3263,How Did Humans Accidentally Invent Music?,41,6,1,1,0,0,0,0,0,0,0,0
Stickly,30590,Why Do Some Animals Live Longer?,32,6,1,1,0,0,0,0,0,0,0,0
Stickly,33431,When Did Early Humans Start Eating Salt?,40,7,1,1,0,0,0,0,0,0,0,0
Stickly,5894,Why Do Wild Animals Ask Humans for Help?,40,8,1,1,0,0,0,0,0,0,0,0
Stickly,12858,Why Do Falling Dreams Feel Real?,32,6,1,1,0,0,0,0,0,0,0,0
Stickly,3640,Did Ancient Humans Really Die at 30?,36,7,1,1,0,1,0,1,1,0,0,0
Stickly,4468,Why Did Ancient Humans Abandon Caves?,37,6,1,1,0,1,0,0,0,0,0,0
Stickly,29082,At What Age Did Most Ancient Humans Die?,40,8,1,0,0,1,1,1,0,0,0,0
Stickly,4052,How Did Ancient Humans Hunt Giant Animals?,42,7,1,1,0,1,0,0,0,0,0,0
Stickly,22793,Why Don’t Orcas Hunt Humans?,28,5,1,1,0,0,0,0,0,0,0,0
Stickly,30065,Why Were Animals Terrified of Ancient Humans?,45,7,1,1,0,1,0,0,0,0,0,0
Stickly,18647,Which Ancient Technologies Have We Lost?,40,6,1,0,0,1,0,0,0,0,0,0
Stickly,13157,Why Couldn’t Most Ancient Humans Drink Milk?,44,7,1,1,0,1,1,0,0,0,0,0
Stickly,1703,Were Ancient Humans Homosexual as Well?,39,6,1,1,0,1,0,0,0,0,0,0
Stickly,3908,What Parts of Human History Are Still Missing?,46,8,1,1,0,0,0,0,0,0,0,0
Stickly,2465,Why Did Ancient Humans Go to America?,37,7,1,1,0,1,0,0,0,0,0,0
Stickly,923,How Did Every Egyptian Pharaoh Die?,35,6,1,1,0,0,1,1,0,0,0,0
SuperJoy,581,Common Mind Glitches You Experience Without Knowing,51,7,0,0,1,0,0,0,0,0,0,0
SuperJoy,627784,What Did Ancient Humans Do With No Privacy?,43,8,1,1,0,1,0,0,0,0,0,0
SuperJoy,574,The Ice Age Should Have Killed Every Human Alive,48,9,0,0,0,1,1,1,0,0,0,0
SuperJoy,2276,What Did Ancient Humans Drink Before Farming Existed?,53,8,1,1,0,1,0,0,0,0,0,0
SuperJoy,1383,The Real Reason You Wake Up at 2AM,34,8,0,0,1,0,0,0,0,1,0,0
SuperJoy,1137,What Did Ancient Humans Do When Someone Died?,45,8,1,1,0,1,0,1,0,0,0,0
SuperJoy,242,What Did Ancient Humans Do When a Predator Attacked?,52,9,1,1,0,1,0,1,0,0,0,0
SuperJoy,158,How Did Ancient Humans Keep Their Babies Alive?,47,8,1,1,0,1,0,0,0,0,0,0
SuperJoy,207,What You Did As A Baby You'll Never Remember,44,9,0,1,1,0,1,0,0,0,0,0
Zenn,66627,Why Are Humans Dumber Now?,26,5,1,1,0,0,0,0,0,0,0,0
Zenn,514900,What Happens After We Die?,26,5,1,1,0,0,0,1,0,0,0,0
Zenn,1867656,Why You Can't Remember Being a Baby,35,7,0,1,1,0,0,0,0,0,0,0
Zenn,7831687,What Did Ancient Humans Do at Night?,36,7,1,1,0,1,0,0,0,0,0,0
Zenn,258509,Why Hasn't Anyone Raised the Titanic?,37,6,1,1,0,0,0,0,0,0,0,0
Zenn,125251,The Spotlight Effect,20,3,0,0,0,0,0,0,0,0,0,0
Zenn,812233,What If WE Are The Aliens?,26,6,1,1,0,0,0,0,0,0,0,0
Zenn,48161,The Pratfall Effect,19,3,0,0,0,0,0,0,0,0,0,0
Zenn,732859,What Did Ancient Humans Actually Eat?,37,6,1,1,0,1,0,0,0,0,0,0
Zenn,4023379,The Calhoun Effect,18,3,0,0,0,0,0,0,0,0,0,0
Zenn,363607,What Did Ancient Humans Do All Day?,35,7,1,1,0,1,0,0,0,0,0,0
Zenn,59268,The ENTIRE History of MONEY,27,5,0,0,0,0,0,0,0,2,0,0
Zenn,30550,Why Are Exactly 10% of People Left-Handed?,42,7,1,1,0,0,0,0,1,0,0,0
Zenn,35583,What If Humans Lived 4.5 Billion Years Ago?,43,8,1,1,0,0,0,0,1,0,0,0
Zenn,60659,The Bliss Point,15,3,0,0,0,0,0,0,0,0,0,0
Zenn,29801,What Happens to Unvisited Graves?,33,5,1,1,0,0,0,0,0,0,0,0
Zenn,21647,Why Were Vikings So Scared at Night?,36,7,1,1,0,0,0,0,0,0,0,0
Zenn,27664,Are You Real?,13,3,1,1,1,0,0,0,0,0,0,0
Zenn,13394,Why Do Dogs Love Humans?,24,5,1,1,0,0,0,0,0,0,0,0
Zenn,26359,Why Don't Dragons Exist?,24,4,1,1,0,0,0,0,0,0,0,0
Zenn,15620,Do Animals Remember Human Faces?,32,5,1,1,0,0,0,0,0,0,0,0
Zenn,22382,Were Ancient Humans Loyal to One Partner?,41,7,1,1,0,1,0,0,0,0,0,0
Zenn,14435,The Marshmallow Effect,22,3,0,0,0,0,0,0,0,0,0,0
Zenn,16719,What Did Surgery Feel Like Before Anesthesia?,45,7,1,1,0,0,0,0,0,0,0,0
Zenn,13507,Would You Know If You Were Stupid?,34,7,1,1,1,0,0,0,0,0,0,0
Zenn,12447,Why Do Mosquitoes Always Bite YOU?,34,6,1,1,1,0,0,0,0,1,0,0
Zenn,13035,When Do You Peak in Life?,25,6,1,1,1,0,0,0,0,0,0,0
Zenn,11849,Why Don't Animals Have Wheels?,30,5,1,1,0,0,0,0,0,0,0,0
